# source	package
repo	hyprland
repo	hyprlock
repo	waybar
repo	swaync
repo	rofi
repo	uwsm
repo	polkit-kde-agent
repo	xdg-desktop-portal-hyprland
repo	xdg-user-dirs
repo	xdg-utils
repo	brightnessctl
repo	grim
repo	slurp
repo	wl-clipboard
repo	cliphist
repo	hyprshot
repo	pamixer
repo	pavucontrol
repo	network-manager-applet
repo	blueman
repo	fcitx5-configtool
repo	fcitx5-gtk
repo	fcitx5-qt
foreign	fcitx5-mozc-ut
repo	keyd
repo	matugen
repo	awww
repo	kitty
repo	ttf-jetbrains-mono-nerd
repo	ttf-nerd-fonts-symbols
repo	starship
repo	yazi
